network,check,max_relative_difference,epsilon_index,epsilon,limit,result
3layer,real float64 full lc_precise,9.8464532070220196e-16,14,0.00020000000000000001,1.0000000000000001e-09,PASS
3layer,real float64 full lc_zonos,3.6610271002721188e-16,0,0.63245553203367588,1.0000000000000001e-09,PASS
3layer,real float64 full lc_intervals,2.7654678541390951e-16,11,0.0011246826503806982,1.0000000000000001e-09,PASS
3layer,real float64 CUDA repeat,0,0,0.63245553203367588,0,PASS
3layer,full vs precise-only CUDA,0,0,0.63245553203367588,0,PASS
3layer,real float32 precise lc_precise,2.4952972191244213e-07,7,0.011246826503806982,1.0000000000000001e-05,PASS
3layer,complex float64 CPU/CUDA divergence,0.14394842012956927,0,0.63245553203367588,1.0000000000000001e-09,PASS
4layer,real float64 full lc_precise,3.6148405865226932e-16,6,0.02,1.0000000000000001e-09,PASS
4layer,real float64 full lc_zonos,4.4574117925936434e-16,0,0.63245553203367588,1.0000000000000001e-09,PASS
4layer,real float64 full lc_intervals,5.5165344128276472e-16,14,0.00020000000000000001,1.0000000000000001e-09,PASS
4layer,real float64 CUDA repeat,0,0,0.63245553203367588,0,PASS
4layer,full vs precise-only CUDA,0,0,0.63245553203367588,0,PASS
4layer,real float32 precise lc_precise,6.2959231170636707e-07,10,0.002,1.0000000000000001e-05,PASS
4layer,complex float64 CPU/CUDA divergence,0.33418241231309426,0,0.63245553203367588,1.0000000000000001e-09,PASS
5layer,real float64 full lc_precise,1.7858137566906076e-15,14,0.00020000000000000001,1.0000000000000001e-09,PASS
5layer,real float64 full lc_zonos,4.7918279754613773e-16,1,0.35565588200778459,1.0000000000000001e-09,PASS
5layer,real float64 full lc_intervals,4.1309165097323532e-16,11,0.0011246826503806982,1.0000000000000001e-09,PASS
5layer,real float64 CUDA repeat,0,0,0.63245553203367588,0,PASS
5layer,full vs precise-only CUDA,0,0,0.63245553203367588,0,PASS
5layer,real float32 precise lc_precise,8.3179680740261221e-07,15,0.00011246826503806981,1.0000000000000001e-05,PASS
5layer,complex float64 CPU/CUDA divergence,0.48718557686160013,0,0.63245553203367588,1.0000000000000001e-09,PASS
big,real float64 full lc_precise,4.6730576590216013e-16,15,0.00011246826503806981,1.0000000000000001e-09,PASS
big,real float64 full lc_zonos,3.4800116264322206e-16,5,0.035565588200778459,1.0000000000000001e-09,PASS
big,real float64 full lc_intervals,2.7344725007482749e-16,11,0.0011246826503806982,1.0000000000000001e-09,PASS
big,real float64 CUDA repeat,0,0,0.63245553203367588,0,PASS
big,full vs precise-only CUDA,0,0,0.63245553203367588,0,PASS
big,real float32 precise lc_precise,1.5389151826932012e-07,13,0.00035565588200778454,1.0000000000000001e-05,PASS
big,complex float64 CPU/CUDA divergence,0.63775952460745033,0,0.63245553203367588,1.0000000000000001e-09,PASS
