datetime_utc,git_commit,diff_hash,python,torch,numpy,os,cpu,cuda,threads,network,variant,run,seconds,health_gflops
2026-07-20T20:26:35+00:00,753c8c5,afab896f1b,3.13.3,2.12.1+cpu,2.5.1,Windows-11-10.0.26200-SP0,"Intel64 Family 6 Model 154 Stepping 3, GenuineIntel",False,8,3layer,original,1,100.656,
2026-07-20T20:27:06+00:00,753c8c5,afab896f1b,3.13.3,2.12.1+cpu,2.5.1,Windows-11-10.0.26200-SP0,"Intel64 Family 6 Model 154 Stepping 3, GenuineIntel",False,8,3layer,vec_both,1,30.310,
2026-07-20T20:52:53+00:00,753c8c5,a2c1eda542,3.13.3,2.12.1+cpu,2.5.1,Windows-11-10.0.26200-SP0,"Intel64 Family 6 Model 154 Stepping 3, GenuineIntel",False,8,3layer,original,1,150.097,
2026-07-20T20:55:12+00:00,753c8c5,a2c1eda542,3.13.3,2.12.1+cpu,2.5.1,Windows-11-10.0.26200-SP0,"Intel64 Family 6 Model 154 Stepping 3, GenuineIntel",False,8,3layer,original,2,139.484,
2026-07-20T20:57:32+00:00,753c8c5,a2c1eda542,3.13.3,2.12.1+cpu,2.5.1,Windows-11-10.0.26200-SP0,"Intel64 Family 6 Model 154 Stepping 3, GenuineIntel",False,8,3layer,original,3,140.316,
2026-07-20T20:58:48+00:00,753c8c5,a2c1eda542,3.13.3,2.12.1+cpu,2.5.1,Windows-11-10.0.26200-SP0,"Intel64 Family 6 Model 154 Stepping 3, GenuineIntel",False,8,3layer,vec_both,1,76.000,
2026-07-20T21:00:03+00:00,753c8c5,a2c1eda542,3.13.3,2.12.1+cpu,2.5.1,Windows-11-10.0.26200-SP0,"Intel64 Family 6 Model 154 Stepping 3, GenuineIntel",False,8,3layer,vec_both,2,75.039,
2026-07-20T21:01:18+00:00,753c8c5,a2c1eda542,3.13.3,2.12.1+cpu,2.5.1,Windows-11-10.0.26200-SP0,"Intel64 Family 6 Model 154 Stepping 3, GenuineIntel",False,8,3layer,vec_both,3,74.838,
2026-07-20T21:30:26+00:00,753c8c5,a2c1eda542,3.13.3,2.12.1+cpu,2.5.1,Windows-11-10.0.26200-SP0,"Intel64 Family 6 Model 154 Stepping 3, GenuineIntel",False,8,big,original,1,1744.879,
2026-07-20T22:12:21+00:00,753c8c5,a2c1eda542,3.13.3,2.12.1+cpu,2.5.1,Windows-11-10.0.26200-SP0,"Intel64 Family 6 Model 154 Stepping 3, GenuineIntel",False,8,big,vec_both,1,2514.460,
2026-07-20T22:18:37+00:00,753c8c5,88f99583b3,3.13.3,2.12.1+cpu,2.5.1,Windows-11-10.0.26200-SP0,"Intel64 Family 6 Model 154 Stepping 3, GenuineIntel",False,8,3layer,vec_both,1,100.694,
2026-07-20T22:19:33+00:00,753c8c5,88f99583b3,3.13.3,2.12.1+cpu,2.5.1,Windows-11-10.0.26200-SP0,"Intel64 Family 6 Model 154 Stepping 3, GenuineIntel",False,8,3layer,vec_both,2,55.966,
2026-07-20T22:20:10+00:00,753c8c5,88f99583b3,3.13.3,2.12.1+cpu,2.5.1,Windows-11-10.0.26200-SP0,"Intel64 Family 6 Model 154 Stepping 3, GenuineIntel",False,8,3layer,vec_both,3,37.197,
2026-07-20T22:20:32+00:00,753c8c5,88f99583b3,3.13.3,2.12.1+cpu,2.5.1,Windows-11-10.0.26200-SP0,"Intel64 Family 6 Model 154 Stepping 3, GenuineIntel",False,8,3layer,vec_both_batched,1,21.686,
2026-07-20T22:20:54+00:00,753c8c5,88f99583b3,3.13.3,2.12.1+cpu,2.5.1,Windows-11-10.0.26200-SP0,"Intel64 Family 6 Model 154 Stepping 3, GenuineIntel",False,8,3layer,vec_both_batched,2,21.767,
2026-07-20T22:21:17+00:00,753c8c5,88f99583b3,3.13.3,2.12.1+cpu,2.5.1,Windows-11-10.0.26200-SP0,"Intel64 Family 6 Model 154 Stepping 3, GenuineIntel",False,8,3layer,vec_both_batched,3,22.885,
2026-07-20T22:22:12+00:00,753c8c5,88f99583b3,3.13.3,2.12.1+cpu,2.5.1,Windows-11-10.0.26200-SP0,"Intel64 Family 6 Model 154 Stepping 3, GenuineIntel",False,8,3layer,vec_both,1,29.165,
2026-07-20T22:22:40+00:00,753c8c5,88f99583b3,3.13.3,2.12.1+cpu,2.5.1,Windows-11-10.0.26200-SP0,"Intel64 Family 6 Model 154 Stepping 3, GenuineIntel",False,8,3layer,vec_both,2,27.810,
2026-07-20T22:23:08+00:00,753c8c5,88f99583b3,3.13.3,2.12.1+cpu,2.5.1,Windows-11-10.0.26200-SP0,"Intel64 Family 6 Model 154 Stepping 3, GenuineIntel",False,8,3layer,vec_both,3,28.009,
2026-07-20T22:23:41+00:00,753c8c5,88f99583b3,3.13.3,2.12.1+cpu,2.5.1,Windows-11-10.0.26200-SP0,"Intel64 Family 6 Model 154 Stepping 3, GenuineIntel",False,8,3layer,vec_both_batched,1,19.407,
2026-07-20T22:24:00+00:00,753c8c5,88f99583b3,3.13.3,2.12.1+cpu,2.5.1,Windows-11-10.0.26200-SP0,"Intel64 Family 6 Model 154 Stepping 3, GenuineIntel",False,8,3layer,vec_both_batched,2,19.163,
2026-07-20T22:24:20+00:00,753c8c5,88f99583b3,3.13.3,2.12.1+cpu,2.5.1,Windows-11-10.0.26200-SP0,"Intel64 Family 6 Model 154 Stepping 3, GenuineIntel",False,8,3layer,vec_both_batched,3,19.365,
2026-07-21T08:46:56+00:00,753c8c5,88f99583b3,3.13.3,2.12.1+cpu,2.5.1,Windows-11-10.0.26200-SP0,"Intel64 Family 6 Model 154 Stepping 3, GenuineIntel",False,8,3layer,original,1,247.017,
2026-07-21T08:50:08+00:00,753c8c5,88f99583b3,3.13.3,2.12.1+cpu,2.5.1,Windows-11-10.0.26200-SP0,"Intel64 Family 6 Model 154 Stepping 3, GenuineIntel",False,8,3layer,original,2,192.684,
2026-07-21T08:53:38+00:00,753c8c5,88f99583b3,3.13.3,2.12.1+cpu,2.5.1,Windows-11-10.0.26200-SP0,"Intel64 Family 6 Model 154 Stepping 3, GenuineIntel",False,8,3layer,original,3,209.135,
2026-07-21T08:56:19+00:00,753c8c5,88f99583b3,3.13.3,2.12.1+cpu,2.5.1,Windows-11-10.0.26200-SP0,"Intel64 Family 6 Model 154 Stepping 3, GenuineIntel",False,8,3layer,vec_corners,1,161.781,
2026-07-21T08:59:00+00:00,753c8c5,88f99583b3,3.13.3,2.12.1+cpu,2.5.1,Windows-11-10.0.26200-SP0,"Intel64 Family 6 Model 154 Stepping 3, GenuineIntel",False,8,3layer,vec_corners,2,160.774,
2026-07-21T09:01:01+00:00,753c8c5,88f99583b3,3.13.3,2.12.1+cpu,2.5.1,Windows-11-10.0.26200-SP0,"Intel64 Family 6 Model 154 Stepping 3, GenuineIntel",False,8,3layer,vec_corners,3,120.521,
2026-07-21T09:02:25+00:00,753c8c5,88f99583b3,3.13.3,2.12.1+cpu,2.5.1,Windows-11-10.0.26200-SP0,"Intel64 Family 6 Model 154 Stepping 3, GenuineIntel",False,8,3layer,vec_both,1,84.328,
2026-07-21T09:03:49+00:00,753c8c5,88f99583b3,3.13.3,2.12.1+cpu,2.5.1,Windows-11-10.0.26200-SP0,"Intel64 Family 6 Model 154 Stepping 3, GenuineIntel",False,8,3layer,vec_both,2,84.197,
2026-07-21T09:05:13+00:00,753c8c5,88f99583b3,3.13.3,2.12.1+cpu,2.5.1,Windows-11-10.0.26200-SP0,"Intel64 Family 6 Model 154 Stepping 3, GenuineIntel",False,8,3layer,vec_both,3,84.023,
2026-07-21T09:06:29+00:00,753c8c5,88f99583b3,3.13.3,2.12.1+cpu,2.5.1,Windows-11-10.0.26200-SP0,"Intel64 Family 6 Model 154 Stepping 3, GenuineIntel",False,8,3layer,vec_both_batched,1,75.400,
2026-07-21T09:07:20+00:00,753c8c5,88f99583b3,3.13.3,2.12.1+cpu,2.5.1,Windows-11-10.0.26200-SP0,"Intel64 Family 6 Model 154 Stepping 3, GenuineIntel",False,8,3layer,vec_both_batched,2,51.180,
2026-07-21T09:08:14+00:00,753c8c5,88f99583b3,3.13.3,2.12.1+cpu,2.5.1,Windows-11-10.0.26200-SP0,"Intel64 Family 6 Model 154 Stepping 3, GenuineIntel",False,8,3layer,vec_both_batched,3,53.814,
2026-07-21T09:17:04+00:00,753c8c5,039104a977,3.13.3,2.12.1+cpu,2.5.1,Windows-11-10.0.26200-SP0,"Intel64 Family 6 Model 154 Stepping 3, GenuineIntel",False,8,3layer,original,1,162.417,40.4
2026-07-21T09:17:54+00:00,753c8c5,039104a977,3.13.3,2.12.1+cpu,2.5.1,Windows-11-10.0.26200-SP0,"Intel64 Family 6 Model 154 Stepping 3, GenuineIntel",False,8,3layer,vec_both_batched,1,50.258,47.7
2026-07-21T09:20:32+00:00,753c8c5,039104a977,3.13.3,2.12.1+cpu,2.5.1,Windows-11-10.0.26200-SP0,"Intel64 Family 6 Model 154 Stepping 3, GenuineIntel",False,8,3layer,original,2,156.740,40.1
2026-07-21T09:21:23+00:00,753c8c5,039104a977,3.13.3,2.12.1+cpu,2.5.1,Windows-11-10.0.26200-SP0,"Intel64 Family 6 Model 154 Stepping 3, GenuineIntel",False,8,3layer,vec_both_batched,2,51.182,38.4
2026-07-21T09:24:00+00:00,753c8c5,039104a977,3.13.3,2.12.1+cpu,2.5.1,Windows-11-10.0.26200-SP0,"Intel64 Family 6 Model 154 Stepping 3, GenuineIntel",False,8,3layer,original,3,156.252,38.4
2026-07-21T09:24:50+00:00,753c8c5,039104a977,3.13.3,2.12.1+cpu,2.5.1,Windows-11-10.0.26200-SP0,"Intel64 Family 6 Model 154 Stepping 3, GenuineIntel",False,8,3layer,vec_both_batched,3,49.838,46.7
2026-07-21T09:51:10+00:00,753c8c5,039104a977,3.13.3,2.12.1+cpu,2.5.1,Windows-11-10.0.26200-SP0,"Intel64 Family 6 Model 154 Stepping 3, GenuineIntel",False,8,4layer,original,1,113.057,112.6
2026-07-21T09:51:46+00:00,753c8c5,039104a977,3.13.3,2.12.1+cpu,2.5.1,Windows-11-10.0.26200-SP0,"Intel64 Family 6 Model 154 Stepping 3, GenuineIntel",False,8,4layer,vec_both_batched,1,35.290,93.3
2026-07-21T09:53:37+00:00,753c8c5,039104a977,3.13.3,2.12.1+cpu,2.5.1,Windows-11-10.0.26200-SP0,"Intel64 Family 6 Model 154 Stepping 3, GenuineIntel",False,8,4layer,original,2,110.981,107.1
2026-07-21T09:55:11+00:00,753c8c5,039104a977,3.13.3,2.12.1+cpu,2.5.1,Windows-11-10.0.26200-SP0,"Intel64 Family 6 Model 154 Stepping 3, GenuineIntel",False,8,4layer,vec_both_batched,2,93.849,125.2
2026-07-21T10:01:18+00:00,753c8c5,039104a977,3.13.3,2.12.1+cpu,2.5.1,Windows-11-10.0.26200-SP0,"Intel64 Family 6 Model 154 Stepping 3, GenuineIntel",False,8,5layer,original,1,366.177,51.5
2026-07-21T10:03:12+00:00,753c8c5,039104a977,3.13.3,2.12.1+cpu,2.5.1,Windows-11-10.0.26200-SP0,"Intel64 Family 6 Model 154 Stepping 3, GenuineIntel",False,8,5layer,vec_both_batched,1,113.478,44.5
2026-07-21T10:08:38+00:00,753c8c5,039104a977,3.13.3,2.12.1+cpu,2.5.1,Windows-11-10.0.26200-SP0,"Intel64 Family 6 Model 154 Stepping 3, GenuineIntel",False,8,5layer,original,2,325.913,35.6
2026-07-21T10:10:16+00:00,753c8c5,039104a977,3.13.3,2.12.1+cpu,2.5.1,Windows-11-10.0.26200-SP0,"Intel64 Family 6 Model 154 Stepping 3, GenuineIntel",False,8,5layer,vec_both_batched,2,97.762,35.0
2026-07-21T10:58:17+00:00,753c8c5,039104a977,3.13.3,2.12.1+cpu,2.5.1,Windows-11-10.0.26200-SP0,"Intel64 Family 6 Model 154 Stepping 3, GenuineIntel",False,8,big,original,1,1958.759,19.5
2026-07-21T11:13:27+00:00,753c8c5,039104a977,3.13.3,2.12.1+cpu,2.5.1,Windows-11-10.0.26200-SP0,"Intel64 Family 6 Model 154 Stepping 3, GenuineIntel",False,8,big,vec_both_batched,1,909.262,129.0
2026-08-06T16:10:19+00:00,2739db6,039104a977,3.13.3,2.12.1+cpu,2.5.1,Windows-11-10.0.26200-SP0,"Intel64 Family 6 Model 154 Stepping 3, GenuineIntel",False,8,big,original,1,1069.494,237.6
2026-08-06T16:20:59+00:00,2739db6,039104a977,3.13.3,2.12.1+cpu,2.5.1,Windows-11-10.0.26200-SP0,"Intel64 Family 6 Model 154 Stepping 3, GenuineIntel",False,8,big,vec_both_batched,1,640.175,223.8
2026-08-06T16:46:47+00:00,2739db6,039104a977,3.13.3,2.12.1+cpu,2.5.1,Windows-11-10.0.26200-SP0,"Intel64 Family 6 Model 154 Stepping 3, GenuineIntel",False,8,big,original,1,1070.574,197.0
2026-08-06T16:57:25+00:00,2739db6,039104a977,3.13.3,2.12.1+cpu,2.5.1,Windows-11-10.0.26200-SP0,"Intel64 Family 6 Model 154 Stepping 3, GenuineIntel",False,8,big,vec_both_batched,1,637.068,202.4
2026-08-06T17:14:48+00:00,2739db6,039104a977,3.13.3,2.12.1+cpu,2.5.1,Windows-11-10.0.26200-SP0,"Intel64 Family 6 Model 154 Stepping 3, GenuineIntel",False,8,big,original,2,1043.425,210.3
2026-08-06T17:25:47+00:00,2739db6,039104a977,3.13.3,2.12.1+cpu,2.5.1,Windows-11-10.0.26200-SP0,"Intel64 Family 6 Model 154 Stepping 3, GenuineIntel",False,8,big,vec_both_batched,2,659.262,206.4
2026-08-06T17:43:42+00:00,2739db6,039104a977,3.13.3,2.12.1+cpu,2.5.1,Windows-11-10.0.26200-SP0,"Intel64 Family 6 Model 154 Stepping 3, GenuineIntel",False,8,big,original,3,1074.832,226.1
2026-08-06T17:54:31+00:00,2739db6,039104a977,3.13.3,2.12.1+cpu,2.5.1,Windows-11-10.0.26200-SP0,"Intel64 Family 6 Model 154 Stepping 3, GenuineIntel",False,8,big,vec_both_batched,3,648.781,203.7
2026-08-10T20:49:58+00:00,2739db6,9b2d5a1aab,3.13.3,2.12.1+cpu,2.5.1,Windows-11-10.0.26200-SP0,"Intel64 Family 6 Model 154 Stepping 3, GenuineIntel",False,8,3layer,vec_both_batched,1,15.055,210.4
2026-08-10T20:50:10+00:00,2739db6,9b2d5a1aab,3.13.3,2.12.1+cpu,2.5.1,Windows-11-10.0.26200-SP0,"Intel64 Family 6 Model 154 Stepping 3, GenuineIntel",False,8,3layer,vec_batched_grid,1,12.096,187.4
2026-08-10T20:50:25+00:00,2739db6,9b2d5a1aab,3.13.3,2.12.1+cpu,2.5.1,Windows-11-10.0.26200-SP0,"Intel64 Family 6 Model 154 Stepping 3, GenuineIntel",False,8,3layer,vec_both_batched,2,14.487,225.4
2026-08-10T20:50:36+00:00,2739db6,9b2d5a1aab,3.13.3,2.12.1+cpu,2.5.1,Windows-11-10.0.26200-SP0,"Intel64 Family 6 Model 154 Stepping 3, GenuineIntel",False,8,3layer,vec_batched_grid,2,11.583,212.7
2026-08-10T20:50:51+00:00,2739db6,9b2d5a1aab,3.13.3,2.12.1+cpu,2.5.1,Windows-11-10.0.26200-SP0,"Intel64 Family 6 Model 154 Stepping 3, GenuineIntel",False,8,3layer,vec_both_batched,3,14.246,218.2
2026-08-10T20:51:02+00:00,2739db6,9b2d5a1aab,3.13.3,2.12.1+cpu,2.5.1,Windows-11-10.0.26200-SP0,"Intel64 Family 6 Model 154 Stepping 3, GenuineIntel",False,8,3layer,vec_batched_grid,3,11.680,225.9
2026-08-10T20:52:30+00:00,2739db6,9b2d5a1aab,3.13.3,2.12.1+cpu,2.5.1,Windows-11-10.0.26200-SP0,"Intel64 Family 6 Model 154 Stepping 3, GenuineIntel",False,8,3layer,original,1,39.329,215.4
2026-08-10T20:52:42+00:00,2739db6,9b2d5a1aab,3.13.3,2.12.1+cpu,2.5.1,Windows-11-10.0.26200-SP0,"Intel64 Family 6 Model 154 Stepping 3, GenuineIntel",False,8,3layer,vec_batched_grid,1,11.621,199.7
2026-08-10T20:53:20+00:00,2739db6,9b2d5a1aab,3.13.3,2.12.1+cpu,2.5.1,Windows-11-10.0.26200-SP0,"Intel64 Family 6 Model 154 Stepping 3, GenuineIntel",False,8,3layer,original,2,38.561,185.4
2026-08-10T20:53:32+00:00,2739db6,9b2d5a1aab,3.13.3,2.12.1+cpu,2.5.1,Windows-11-10.0.26200-SP0,"Intel64 Family 6 Model 154 Stepping 3, GenuineIntel",False,8,3layer,vec_batched_grid,2,11.648,198.5
2026-08-10T20:54:11+00:00,2739db6,9b2d5a1aab,3.13.3,2.12.1+cpu,2.5.1,Windows-11-10.0.26200-SP0,"Intel64 Family 6 Model 154 Stepping 3, GenuineIntel",False,8,3layer,original,3,38.643,208.6
2026-08-10T20:54:23+00:00,2739db6,9b2d5a1aab,3.13.3,2.12.1+cpu,2.5.1,Windows-11-10.0.26200-SP0,"Intel64 Family 6 Model 154 Stepping 3, GenuineIntel",False,8,3layer,vec_batched_grid,3,11.638,185.5
2026-08-10T20:56:11+00:00,2739db6,9b2d5a1aab,3.13.3,2.12.1+cpu,2.5.1,Windows-11-10.0.26200-SP0,"Intel64 Family 6 Model 154 Stepping 3, GenuineIntel",False,8,4layer,original,1,55.267,209.0
2026-08-10T20:56:26+00:00,2739db6,9b2d5a1aab,3.13.3,2.12.1+cpu,2.5.1,Windows-11-10.0.26200-SP0,"Intel64 Family 6 Model 154 Stepping 3, GenuineIntel",False,8,4layer,vec_batched_grid,1,14.909,226.1
2026-08-10T20:57:21+00:00,2739db6,9b2d5a1aab,3.13.3,2.12.1+cpu,2.5.1,Windows-11-10.0.26200-SP0,"Intel64 Family 6 Model 154 Stepping 3, GenuineIntel",False,8,4layer,original,2,54.772,218.7
2026-08-10T20:57:36+00:00,2739db6,9b2d5a1aab,3.13.3,2.12.1+cpu,2.5.1,Windows-11-10.0.26200-SP0,"Intel64 Family 6 Model 154 Stepping 3, GenuineIntel",False,8,4layer,vec_batched_grid,2,14.903,191.3
2026-08-10T20:58:31+00:00,2739db6,9b2d5a1aab,3.13.3,2.12.1+cpu,2.5.1,Windows-11-10.0.26200-SP0,"Intel64 Family 6 Model 154 Stepping 3, GenuineIntel",False,8,4layer,original,3,54.965,210.1
2026-08-10T20:58:46+00:00,2739db6,9b2d5a1aab,3.13.3,2.12.1+cpu,2.5.1,Windows-11-10.0.26200-SP0,"Intel64 Family 6 Model 154 Stepping 3, GenuineIntel",False,8,4layer,vec_batched_grid,3,15.098,228.3
2026-08-10T20:59:58+00:00,2739db6,9b2d5a1aab,3.13.3,2.12.1+cpu,2.5.1,Windows-11-10.0.26200-SP0,"Intel64 Family 6 Model 154 Stepping 3, GenuineIntel",False,8,5layer,original,1,71.732,169.9
2026-08-10T21:00:16+00:00,2739db6,9b2d5a1aab,3.13.3,2.12.1+cpu,2.5.1,Windows-11-10.0.26200-SP0,"Intel64 Family 6 Model 154 Stepping 3, GenuineIntel",False,8,5layer,vec_batched_grid,1,18.228,169.2
2026-08-10T21:01:31+00:00,2739db6,9b2d5a1aab,3.13.3,2.12.1+cpu,2.5.1,Windows-11-10.0.26200-SP0,"Intel64 Family 6 Model 154 Stepping 3, GenuineIntel",False,8,5layer,original,2,74.969,134.6
2026-08-10T21:01:49+00:00,2739db6,9b2d5a1aab,3.13.3,2.12.1+cpu,2.5.1,Windows-11-10.0.26200-SP0,"Intel64 Family 6 Model 154 Stepping 3, GenuineIntel",False,8,5layer,vec_batched_grid,2,17.714,216.8
2026-08-10T21:03:04+00:00,2739db6,9b2d5a1aab,3.13.3,2.12.1+cpu,2.5.1,Windows-11-10.0.26200-SP0,"Intel64 Family 6 Model 154 Stepping 3, GenuineIntel",False,8,5layer,original,3,75.371,125.2
2026-08-10T21:03:33+00:00,2739db6,9b2d5a1aab,3.13.3,2.12.1+cpu,2.5.1,Windows-11-10.0.26200-SP0,"Intel64 Family 6 Model 154 Stepping 3, GenuineIntel",False,8,5layer,vec_batched_grid,3,28.389,115.9
2026-08-10T21:05:27+00:00,2739db6,9b2d5a1aab,3.13.3,2.12.1+cpu,2.5.1,Windows-11-10.0.26200-SP0,"Intel64 Family 6 Model 154 Stepping 3, GenuineIntel",False,8,5layer,original,1,72.474,206.6
2026-08-10T21:05:46+00:00,2739db6,9b2d5a1aab,3.13.3,2.12.1+cpu,2.5.1,Windows-11-10.0.26200-SP0,"Intel64 Family 6 Model 154 Stepping 3, GenuineIntel",False,8,5layer,vec_batched_grid,1,18.716,187.7
2026-08-10T21:07:04+00:00,2739db6,9b2d5a1aab,3.13.3,2.12.1+cpu,2.5.1,Windows-11-10.0.26200-SP0,"Intel64 Family 6 Model 154 Stepping 3, GenuineIntel",False,8,5layer,original,2,78.660,194.9
2026-08-10T21:07:27+00:00,2739db6,9b2d5a1aab,3.13.3,2.12.1+cpu,2.5.1,Windows-11-10.0.26200-SP0,"Intel64 Family 6 Model 154 Stepping 3, GenuineIntel",False,8,5layer,vec_batched_grid,2,22.315,160.1
2026-08-10T21:08:47+00:00,2739db6,9b2d5a1aab,3.13.3,2.12.1+cpu,2.5.1,Windows-11-10.0.26200-SP0,"Intel64 Family 6 Model 154 Stepping 3, GenuineIntel",False,8,5layer,original,3,79.937,122.2
2026-08-10T21:09:10+00:00,2739db6,9b2d5a1aab,3.13.3,2.12.1+cpu,2.5.1,Windows-11-10.0.26200-SP0,"Intel64 Family 6 Model 154 Stepping 3, GenuineIntel",False,8,5layer,vec_batched_grid,3,22.674,157.5
2026-08-10T21:34:09+00:00,2739db6,5b7fd57a12,3.13.3,2.12.1+cpu,2.5.1,Windows-11-10.0.26200-SP0,"Intel64 Family 6 Model 154 Stepping 3, GenuineIntel",False,8,5layer,vec_batched_grid,1,20.996,195.6
2026-08-10T21:34:28+00:00,2739db6,5b7fd57a12,3.13.3,2.12.1+cpu,2.5.1,Windows-11-10.0.26200-SP0,"Intel64 Family 6 Model 154 Stepping 3, GenuineIntel",False,8,5layer,vec_grid_realcubic,1,19.252,174.3
2026-08-10T21:34:47+00:00,2739db6,5b7fd57a12,3.13.3,2.12.1+cpu,2.5.1,Windows-11-10.0.26200-SP0,"Intel64 Family 6 Model 154 Stepping 3, GenuineIntel",False,8,5layer,vec_batched_grid,2,18.922,172.7
2026-08-10T21:35:07+00:00,2739db6,5b7fd57a12,3.13.3,2.12.1+cpu,2.5.1,Windows-11-10.0.26200-SP0,"Intel64 Family 6 Model 154 Stepping 3, GenuineIntel",False,8,5layer,vec_grid_realcubic,2,19.733,152.0
2026-08-10T21:35:29+00:00,2739db6,5b7fd57a12,3.13.3,2.12.1+cpu,2.5.1,Windows-11-10.0.26200-SP0,"Intel64 Family 6 Model 154 Stepping 3, GenuineIntel",False,8,5layer,vec_batched_grid,3,21.403,125.4
2026-08-10T21:35:52+00:00,2739db6,5b7fd57a12,3.13.3,2.12.1+cpu,2.5.1,Windows-11-10.0.26200-SP0,"Intel64 Family 6 Model 154 Stepping 3, GenuineIntel",False,8,5layer,vec_grid_realcubic,3,23.425,150.1
2026-08-12T15:53:16+00:00,2739db6,83cf00101a,3.13.3,2.12.1+cpu,2.5.1,Windows-11-10.0.26200-SP0,"Intel64 Family 6 Model 154 Stepping 3, GenuineIntel",False,8,3layer,vec_both_batched,1,18.667,95.6
2026-08-12T15:53:30+00:00,2739db6,83cf00101a,3.13.3,2.12.1+cpu,2.5.1,Windows-11-10.0.26200-SP0,"Intel64 Family 6 Model 154 Stepping 3, GenuineIntel",False,8,3layer,vec_batched_grid,1,13.973,166.8
2026-08-12T15:53:50+00:00,2739db6,83cf00101a,3.13.3,2.12.1+cpu,2.5.1,Windows-11-10.0.26200-SP0,"Intel64 Family 6 Model 154 Stepping 3, GenuineIntel",False,8,3layer,vec_both_batched,2,19.574,154.2
2026-08-12T15:54:04+00:00,2739db6,83cf00101a,3.13.3,2.12.1+cpu,2.5.1,Windows-11-10.0.26200-SP0,"Intel64 Family 6 Model 154 Stepping 3, GenuineIntel",False,8,3layer,vec_batched_grid,2,13.947,138.9
2026-08-12T15:54:23+00:00,2739db6,83cf00101a,3.13.3,2.12.1+cpu,2.5.1,Windows-11-10.0.26200-SP0,"Intel64 Family 6 Model 154 Stepping 3, GenuineIntel",False,8,3layer,vec_both_batched,3,18.901,113.0
2026-08-12T15:54:37+00:00,2739db6,83cf00101a,3.13.3,2.12.1+cpu,2.5.1,Windows-11-10.0.26200-SP0,"Intel64 Family 6 Model 154 Stepping 3, GenuineIntel",False,8,3layer,vec_batched_grid,3,14.314,109.3
2026-08-12T15:55:11+00:00,2739db6,83cf00101a,3.13.3,2.12.1+cpu,2.5.1,Windows-11-10.0.26200-SP0,"Intel64 Family 6 Model 154 Stepping 3, GenuineIntel",False,8,4layer,vec_both_batched,1,33.118,142.3
2026-08-12T15:55:40+00:00,2739db6,83cf00101a,3.13.3,2.12.1+cpu,2.5.1,Windows-11-10.0.26200-SP0,"Intel64 Family 6 Model 154 Stepping 3, GenuineIntel",False,8,4layer,vec_batched_grid,1,29.087,114.9
2026-08-12T15:56:18+00:00,2739db6,83cf00101a,3.13.3,2.12.1+cpu,2.5.1,Windows-11-10.0.26200-SP0,"Intel64 Family 6 Model 154 Stepping 3, GenuineIntel",False,8,4layer,vec_both_batched,2,37.517,101.1
2026-08-12T15:56:40+00:00,2739db6,83cf00101a,3.13.3,2.12.1+cpu,2.5.1,Windows-11-10.0.26200-SP0,"Intel64 Family 6 Model 154 Stepping 3, GenuineIntel",False,8,4layer,vec_batched_grid,2,22.497,97.9
2026-08-12T15:57:03+00:00,2739db6,83cf00101a,3.13.3,2.12.1+cpu,2.5.1,Windows-11-10.0.26200-SP0,"Intel64 Family 6 Model 154 Stepping 3, GenuineIntel",False,8,4layer,vec_both_batched,3,22.170,115.5
2026-08-12T15:57:19+00:00,2739db6,83cf00101a,3.13.3,2.12.1+cpu,2.5.1,Windows-11-10.0.26200-SP0,"Intel64 Family 6 Model 154 Stepping 3, GenuineIntel",False,8,4layer,vec_batched_grid,3,16.421,170.4
2026-08-12T15:57:45+00:00,2739db6,83cf00101a,3.13.3,2.12.1+cpu,2.5.1,Windows-11-10.0.26200-SP0,"Intel64 Family 6 Model 154 Stepping 3, GenuineIntel",False,8,5layer,vec_both_batched,1,25.318,117.3
2026-08-12T15:58:04+00:00,2739db6,83cf00101a,3.13.3,2.12.1+cpu,2.5.1,Windows-11-10.0.26200-SP0,"Intel64 Family 6 Model 154 Stepping 3, GenuineIntel",False,8,5layer,vec_batched_grid,1,19.385,150.2
2026-08-12T15:58:30+00:00,2739db6,83cf00101a,3.13.3,2.12.1+cpu,2.5.1,Windows-11-10.0.26200-SP0,"Intel64 Family 6 Model 154 Stepping 3, GenuineIntel",False,8,5layer,vec_both_batched,2,25.970,157.2
2026-08-12T15:58:50+00:00,2739db6,83cf00101a,3.13.3,2.12.1+cpu,2.5.1,Windows-11-10.0.26200-SP0,"Intel64 Family 6 Model 154 Stepping 3, GenuineIntel",False,8,5layer,vec_batched_grid,2,19.490,161.6
2026-08-12T15:59:15+00:00,2739db6,83cf00101a,3.13.3,2.12.1+cpu,2.5.1,Windows-11-10.0.26200-SP0,"Intel64 Family 6 Model 154 Stepping 3, GenuineIntel",False,8,5layer,vec_both_batched,3,25.117,121.9
2026-08-12T15:59:35+00:00,2739db6,83cf00101a,3.13.3,2.12.1+cpu,2.5.1,Windows-11-10.0.26200-SP0,"Intel64 Family 6 Model 154 Stepping 3, GenuineIntel",False,8,5layer,vec_batched_grid,3,19.946,124.7
2026-08-12T16:01:24+00:00,2739db6,83cf00101a,3.13.3,2.12.1+cpu,2.5.1,Windows-11-10.0.26200-SP0,"Intel64 Family 6 Model 154 Stepping 3, GenuineIntel",False,8,3layer,original,1,41.573,190.8
2026-08-12T16:01:37+00:00,2739db6,83cf00101a,3.13.3,2.12.1+cpu,2.5.1,Windows-11-10.0.26200-SP0,"Intel64 Family 6 Model 154 Stepping 3, GenuineIntel",False,8,3layer,vec_batched_grid,1,12.964,175.4
2026-08-12T16:02:18+00:00,2739db6,83cf00101a,3.13.3,2.12.1+cpu,2.5.1,Windows-11-10.0.26200-SP0,"Intel64 Family 6 Model 154 Stepping 3, GenuineIntel",False,8,3layer,original,2,40.465,169.5
2026-08-12T16:02:30+00:00,2739db6,83cf00101a,3.13.3,2.12.1+cpu,2.5.1,Windows-11-10.0.26200-SP0,"Intel64 Family 6 Model 154 Stepping 3, GenuineIntel",False,8,3layer,vec_batched_grid,2,12.256,160.8
2026-08-12T16:03:11+00:00,2739db6,83cf00101a,3.13.3,2.12.1+cpu,2.5.1,Windows-11-10.0.26200-SP0,"Intel64 Family 6 Model 154 Stepping 3, GenuineIntel",False,8,3layer,original,3,40.125,183.9
2026-08-12T16:03:23+00:00,2739db6,83cf00101a,3.13.3,2.12.1+cpu,2.5.1,Windows-11-10.0.26200-SP0,"Intel64 Family 6 Model 154 Stepping 3, GenuineIntel",False,8,3layer,vec_batched_grid,3,12.396,169.9
2026-08-12T16:04:21+00:00,2739db6,83cf00101a,3.13.3,2.12.1+cpu,2.5.1,Windows-11-10.0.26200-SP0,"Intel64 Family 6 Model 154 Stepping 3, GenuineIntel",False,8,4layer,original,1,57.555,128.0
2026-08-12T16:04:37+00:00,2739db6,83cf00101a,3.13.3,2.12.1+cpu,2.5.1,Windows-11-10.0.26200-SP0,"Intel64 Family 6 Model 154 Stepping 3, GenuineIntel",False,8,4layer,vec_batched_grid,1,15.815,145.1
2026-08-12T16:05:40+00:00,2739db6,83cf00101a,3.13.3,2.12.1+cpu,2.5.1,Windows-11-10.0.26200-SP0,"Intel64 Family 6 Model 154 Stepping 3, GenuineIntel",False,8,4layer,original,2,63.017,168.1
2026-08-12T16:05:57+00:00,2739db6,83cf00101a,3.13.3,2.12.1+cpu,2.5.1,Windows-11-10.0.26200-SP0,"Intel64 Family 6 Model 154 Stepping 3, GenuineIntel",False,8,4layer,vec_batched_grid,2,17.339,149.0
2026-08-12T16:07:08+00:00,2739db6,83cf00101a,3.13.3,2.12.1+cpu,2.5.1,Windows-11-10.0.26200-SP0,"Intel64 Family 6 Model 154 Stepping 3, GenuineIntel",False,8,4layer,original,3,70.377,170.7
2026-08-12T16:07:25+00:00,2739db6,83cf00101a,3.13.3,2.12.1+cpu,2.5.1,Windows-11-10.0.26200-SP0,"Intel64 Family 6 Model 154 Stepping 3, GenuineIntel",False,8,4layer,vec_batched_grid,3,16.659,169.4
2026-08-12T16:08:50+00:00,2739db6,83cf00101a,3.13.3,2.12.1+cpu,2.5.1,Windows-11-10.0.26200-SP0,"Intel64 Family 6 Model 154 Stepping 3, GenuineIntel",False,8,5layer,original,1,85.072,162.9
2026-08-12T16:09:20+00:00,2739db6,83cf00101a,3.13.3,2.12.1+cpu,2.5.1,Windows-11-10.0.26200-SP0,"Intel64 Family 6 Model 154 Stepping 3, GenuineIntel",False,8,5layer,vec_batched_grid,1,30.528,145.9
2026-08-12T16:11:07+00:00,2739db6,83cf00101a,3.13.3,2.12.1+cpu,2.5.1,Windows-11-10.0.26200-SP0,"Intel64 Family 6 Model 154 Stepping 3, GenuineIntel",False,8,5layer,original,2,106.200,134.0
2026-08-12T16:11:38+00:00,2739db6,83cf00101a,3.13.3,2.12.1+cpu,2.5.1,Windows-11-10.0.26200-SP0,"Intel64 Family 6 Model 154 Stepping 3, GenuineIntel",False,8,5layer,vec_batched_grid,2,31.472,99.2
2026-08-12T16:13:26+00:00,2739db6,83cf00101a,3.13.3,2.12.1+cpu,2.5.1,Windows-11-10.0.26200-SP0,"Intel64 Family 6 Model 154 Stepping 3, GenuineIntel",False,8,5layer,original,3,107.105,90.3
2026-08-12T16:13:55+00:00,2739db6,83cf00101a,3.13.3,2.12.1+cpu,2.5.1,Windows-11-10.0.26200-SP0,"Intel64 Family 6 Model 154 Stepping 3, GenuineIntel",False,8,5layer,vec_batched_grid,3,29.539,128.2
