case,network,epsilon,eps_name,output,old_value,new_value,abs_diff,rel_diff,pass
img0,3layer,0.632456,largest,lc_bound,574.397809174,574.397809174,0.000e+00,0.000e+00,PASS
img0,3layer,0.632456,largest,dual_generators_maxabs,0,0,3.553e-15,5.330e-14,PASS
img0,3layer,0.632456,largest,dual_centers_maxabs,0,0,3.553e-15,1.519e-16,PASS
img0,3layer,0.632456,largest,dual_lb_maxabs,0,0,0.000e+00,0.000e+00,PASS
img0,3layer,0.632456,largest,dual_ub_maxabs,0,0,0.000e+00,0.000e+00,PASS
img0,3layer,0.00632456,middle,lc_bound,170.318951216,170.318951216,0.000e+00,0.000e+00,PASS
img0,3layer,0.00632456,middle,dual_generators_maxabs,0,0,1.776e-15,5.349e-13,PASS
img0,3layer,0.00632456,middle,dual_centers_maxabs,0,0,0.000e+00,0.000e+00,PASS
img0,3layer,0.00632456,middle,dual_lb_maxabs,0,0,1.421e-14,2.154e-16,PASS
img0,3layer,0.00632456,middle,dual_ub_maxabs,0,0,1.421e-14,2.044e-16,PASS
img0,3layer,0.000112468,smallest,lc_bound,140.724419986,140.724419986,2.842e-14,2.020e-16,PASS
img0,3layer,0.000112468,smallest,dual_generators_maxabs,0,0,6.943e-15,1.649e-10,PASS
img0,3layer,0.000112468,smallest,dual_centers_maxabs,0,0,2.842e-14,3.140e-16,PASS
img0,3layer,0.000112468,smallest,dual_lb_maxabs,0,0,4.263e-14,4.706e-16,PASS
img0,3layer,0.000112468,smallest,dual_ub_maxabs,0,0,4.263e-14,4.277e-16,PASS
img1,3layer,0.632456,largest,lc_bound,408.137297261,408.137297261,5.684e-14,1.393e-16,PASS
img1,3layer,0.632456,largest,dual_generators_maxabs,0,0,2.665e-15,7.281e-15,PASS
img1,3layer,0.632456,largest,dual_centers_maxabs,0,0,0.000e+00,0.000e+00,PASS
img1,3layer,0.632456,largest,dual_lb_maxabs,0,0,5.684e-14,1.393e-16,PASS
img1,3layer,0.632456,largest,dual_ub_maxabs,0,0,5.684e-14,1.608e-16,PASS
img1,3layer,0.00632456,middle,lc_bound,88.0261658091,88.0261658091,4.263e-14,4.843e-16,PASS
img1,3layer,0.00632456,middle,dual_generators_maxabs,0,0,1.417e-14,8.070e-11,PASS
img1,3layer,0.00632456,middle,dual_centers_maxabs,0,0,3.197e-14,1.068e-13,PASS
img1,3layer,0.00632456,middle,dual_lb_maxabs,0,0,4.263e-14,6.697e-15,PASS
img1,3layer,0.00632456,middle,dual_ub_maxabs,0,0,2.842e-14,1.491e-14,PASS
img1,3layer,0.000112468,smallest,lc_bound,86.8270433557,86.8270433557,0.000e+00,0.000e+00,PASS
img1,3layer,0.000112468,smallest,dual_generators_maxabs,0,0,4.542e-15,5.236e-11,PASS
img1,3layer,0.000112468,smallest,dual_centers_maxabs,0,0,1.421e-14,2.141e-16,PASS
img1,3layer,0.000112468,smallest,dual_lb_maxabs,0,0,2.842e-14,1.022e-15,PASS
img1,3layer,0.000112468,smallest,dual_ub_maxabs,0,0,1.421e-14,1.138e-15,PASS
img2,3layer,0.632456,largest,lc_bound,790.569289044,790.569289044,0.000e+00,0.000e+00,PASS
img2,3layer,0.632456,largest,dual_generators_maxabs,0,0,2.220e-16,4.133e-15,PASS
img2,3layer,0.632456,largest,dual_centers_maxabs,0,0,0.000e+00,0.000e+00,PASS
img2,3layer,0.632456,largest,dual_lb_maxabs,0,0,0.000e+00,0.000e+00,PASS
img2,3layer,0.632456,largest,dual_ub_maxabs,0,0,0.000e+00,0.000e+00,PASS
img2,3layer,0.00632456,middle,lc_bound,238.472264426,238.472264426,0.000e+00,0.000e+00,PASS
img2,3layer,0.00632456,middle,dual_generators_maxabs,0,0,2.682e-14,1.969e-12,PASS
img2,3layer,0.00632456,middle,dual_centers_maxabs,0,0,5.684e-14,4.505e-16,PASS
img2,3layer,0.00632456,middle,dual_lb_maxabs,0,0,8.527e-14,9.337e-16,PASS
img2,3layer,0.00632456,middle,dual_ub_maxabs,0,0,5.684e-14,5.152e-16,PASS
img2,3layer,0.000112468,smallest,lc_bound,201.248819276,201.248819276,5.684e-14,2.825e-16,PASS
img2,3layer,0.000112468,smallest,dual_generators_maxabs,0,0,4.483e-14,6.370e-10,PASS
img2,3layer,0.000112468,smallest,dual_centers_maxabs,0,0,2.842e-14,3.156e-16,PASS
img2,3layer,0.000112468,smallest,dual_lb_maxabs,0,0,5.684e-14,4.492e-16,PASS
img2,3layer,0.000112468,smallest,dual_ub_maxabs,0,0,4.263e-14,5.070e-16,PASS
